bucket,idx,text,true_label,true_label_name,model_pred,model_pred_name,model_proba_pos,model_confidence,llm_label,llm_label_name,llm_confidence,llm_rationale,llm_backend,llm_model,llm_error,agree_with_model,agree_with_truth,suspected_label_error
all_wrong,40,"The Fall of Reach: This book is very good. The story line is fantastic and I cannot put it down. There is one problem, however. This book was very poorly proofread if proofread at all. There are many grammatical mistakes and other errors that middle school students could eliminate if they had read their work. Nonetheless, I highly recommend The Fall of reach and the rest of the series as long as you are able to overlook certain imperfections.",0,好评(0),1,差评(1),0.9811166524887085,0.9811166524887085,0,好评(0),1.0,VADER: 整体正向评分占优,stub,vader-heuristic,,False,True,False
all_wrong,47,"Cool puzzle, not highest quality pieces: We are really enjoying this puzzle, and learning a lot. The information written on the oceans makes the puzzle more interesting and manageable.The pieces are necessarily very small to match the size of the countries. The bigger problem is that they curl up just a bit, so the pieces don't lie flat as you make the puzzle. This is frustrating, and you don't get that satisfying feeling as you put a piece in, as you have to press it down a few times and it still doesn't quite flatten down. I'm trying covering the finished puzzle with heavy books, but I suspect it's just a problem of cheap glue.Still, I give it four stars since a good world puzzle is very hard to find, and the content is good.",0,好评(0),1,差评(1),0.8861014246940613,0.8861014246940613,0,好评(0),0.7532,VADER: 整体正向评分占优,stub,vader-heuristic,,False,True,False
all_wrong,53,"typos galore!: I do not intend to review content here. This new edition is so full of typographical errors that sometimes the reader will have to intuit what the author really wrote. It is clear that the proofreaders of this edition were not actually reading; they were simply following the little red lines under the ""misspelled"" words. This has resulted in some truly bizarre apparent statements by the author, unreproducible here due to copyright laws. Disclaimer-- I have not purchased this book, merely checked it out of the library.",0,好评(0),1,差评(1),0.9919576048851013,0.9919576048851013,0,好评(0),0.7714,VADER: 整体正向评分占优,stub,vader-heuristic,,False,True,False
all_wrong,87,"Doing the Evolution: In some respects, I think Yield is a better album, but Binaural still suffices for greatness. Binuaral contains three songs that are not Pearl Jam caliber, though they sound to be at first--God's Dice, Sleight of Hand, and Long Road 2, Parting Ways. Thriteen songs in the album, minus 3, equal 10, all of which are songs that could be played over and over again--some may argue for God's Dice--and I'm not say that it is bad either. The strength of the album is its quirkiness, and the band being able to compose songs that have natural sound to them. I think that's been key to their success. Key words that loom in Binaural are quirkiness,as in Rival and Soon Forget, supressed rage, as heard in Greivance, and mind-playing guitars that seem to want to spin into something off of Vs. but instead retain driving composure as in Of the Girl, Insignificance. What can you say? Vedder and the boys just keeping doing it . . .",0,好评(0),1,差评(1),0.857234001159668,0.857234001159668,0,好评(0),1.0,VADER: 整体正向评分占优,stub,vader-heuristic,,False,True,False
all_wrong,94,"Old School Action Movie: I agree with the other reviewers that this is an entertaining action movie as long as your suspend MOST of your belief in reality. I do what to point out that the machine gun he shoots is a Browning .30 caliber NOT a .50 caliber. The gun was meant to shot from a tripod, but it COULD be shot from the hip. He DOES run out of bullets for it and his handguns. As for the rocket launcher part...I'm sorry, the explosion/back blast would have killed all three of them in the room when it went off!",0,好评(0),1,差评(1),0.9678894281387329,0.9678894281387329,1,差评(1),1.0,VADER: 整体负向评分占优,stub,vader-heuristic,,True,False,True
all_wrong,128,"That's The Way It Is: RCA/BMG, Warner and anyone that sells Elvis products, know that the ""hardcore"" fans will buy just about anything related to Elvis. As to this DVD set, could it have been better? Yes. But I don't really have any big problem with it.",0,好评(0),1,差评(1),0.952791154384613,0.952791154384613,1,差评(1),0.6900999999999999,VADER: 整体负向评分占优,stub,vader-heuristic,,True,False,True
all_wrong,156,"A history of a major Wall Street bank and more.: When in 1976 Jerome Kohlberg, Henry Kravis, and George Roberts left Bear Stears to form KKR, Wall Street realized these three dealermakers might become a major force in the restructuring of American big business then beginning. What could not be predicted was the heights KKR would achieve. It has risen from the ranks of upstarts to become a major player in ""The New Establishment."" While KKR has been the subject of other books and articles, none could be considered ""definitive,"" as is ""The New Financial Capitalists."" It is more than a history of a bank, however. Baker and Smith have addressed the problem posed by the separation of ownership and management delineated in 1934 by Adolph Berle and Gardner Means in ""The Modern Corporation and Private Property,"" indicating how the leveraged buyout programs of the 1980s helped resolve it.",0,好评(0),1,差评(1),0.8485706448554993,0.8485706448554993,1,差评(1),0.5258,VADER: 中性，按符号兜底,stub,vader-heuristic,,True,False,True
all_wrong,161,"Good but Not Really Funny: With everyone else raving about how funny this book was I bought it. I was not disappointed with the story, but it really wasn't all that humorous. Dave Barry has a much better feel for humor, especially in Florida. Still, I will read other Hiassen books. I will simply change my expectations to drama rather than humor. That's why I gave it a 4 instead of a 5; false advertising.",0,好评(0),1,差评(1),0.9791034460067749,0.9791034460067749,0,好评(0),1.0,VADER: 整体正向评分占优,stub,vader-heuristic,,False,True,False
all_wrong,176,"I like it: I just bought this a few days ago. Everything is fine, but the battery seems so short. I charged it with an AC adapter from gomadic and I definitely don't get 15 hours! I goes past the half way mark in about 3 hours and that is lame, but I do play around with it a lot. I also don't like the volume control. It's really hard to press and it should've just been part of the joystick.",0,好评(0),1,差评(1),0.9856784343719482,0.9856784343719482,0,好评(0),1.0,VADER: 整体正向评分占优,stub,vader-heuristic,,False,True,False
all_wrong,182,"6 months - so far: Flawless: I've been into sampling wine now for about 6 months. I read the reviews, looked at the prices, and decided to start with this device as a ""de-corker.""Well, by now I've decided that if I've got more money I want to spend, it's for wine not for a different corkscrew since this one has opened many bottles with zero failures.You line up the opener, turn the screw, watch the wings unfold, turn down the wings and the cork comes out with no problems. It has not yet failed to remove all of the cork, whole, with no fragments. It's fast, clean, relatively effortless, and cheap.I'm an obvious ""newbie"" to wine, but seriously - this thing is really underpriced. I'm ordering another for a backup.",0,好评(0),1,差评(1),0.9812989830970764,0.9812989830970764,1,差评(1),0.5053,VADER: 中性，按符号兜底,stub,vader-heuristic,,True,False,True
all_wrong,223,"decent dictionary: While not necessarily the best for a beginner, this is a pretty decent dictionary. I was able to translate 85-90% of what I needed it for. I do wish it would have some of the colloquial terms in it, but it's all right. It isn't bad for the price, but there might be better out there.",0,好评(0),1,差评(1),0.8908798694610596,0.8908798694610596,0,好评(0),1.0,VADER: 整体正向评分占优,stub,vader-heuristic,,False,True,False
all_wrong,225,"What gives?: Has anyone noticed besides me that 1 episode is missing from the set? At least on my DVDs, ""Help Wanted"" was omitted. Why?",0,好评(0),1,差评(1),0.9515599608421326,0.9515599608421326,0,好评(0),0.7593,VADER: 整体正向评分占优,stub,vader-heuristic,,False,True,False
all_wrong,234,Skims the surface: This book is interesting but not overly so. In this case some names have come up that are not well known to the general public. John Cincotti for example has been associated with Genaro Angiulo but also with escort services in Massachusetts.One of the least discussed connections is that between organized crime and 'legitimate business'. Corporations use escort services and the like but the connection with organized crime is seldom considered.Flemmi and Bulger are alleged to have been involved with this.,0,好评(0),1,差评(1),0.9648903012275696,0.9648903012275696,1,差评(1),1.0,VADER: 整体负向评分占优,stub,vader-heuristic,,True,False,True
all_wrong,256,"YARRRRR: Now once upon a time there was a witch-. Dad, wrong thing. Oh yeah, sorry. yup, those were my times though. This cd is good, i listen to it all the time. and they all lived happily ever after. the end!",0,好评(0),1,差评(1),0.923926055431366,0.923926055431366,0,好评(0),1.0,VADER: 整体正向评分占优,stub,vader-heuristic,,False,True,False
all_wrong,260,"wow...: Absoutely unbelievable! After I played the game, I had to sit there for about 20 minutes in total amazement- stuff like this doesn't come around very often, but is rewarding to those who find it.",0,好评(0),1,差评(1),0.949523389339447,0.949523389339447,0,好评(0),1.0,VADER: 整体正向评分占优,stub,vader-heuristic,,False,True,False
all_wrong,280,"Interesting, if somewhat uneven: Never dull, if sometimes uneven in quality. The truth, and memory are ever subjective. Great photos. Despite the hoopla surrounding its release, it's worth a read.",0,好评(0),1,差评(1),0.9852588176727295,0.9852588176727295,0,好评(0),1.0,VADER: 整体正向评分占优,stub,vader-heuristic,,False,True,False
all_wrong,292,"A Good Product for Compatible Systems: Why am I giving this little piece of hardware a four star when I actually had to send it back?For two reasons:One: GREAT tech support-via email- knowledgeable, prompt and helpfulTwo: Great video capture.Unfortunately my laptop did not support the sound input. This could be a problem as one user has noted, that there was lack of synchronicity.So, perhaps a new model with video and sound together!",0,好评(0),1,差评(1),0.9482417702674866,0.9482417702674866,0,好评(0),1.0,VADER: 整体正向评分占优,stub,vader-heuristic,,False,True,False
all_wrong,309,"jeans: The jeans are fine, the packaging for shipment was fine. Amazon did publish the retail price in this instance so that I knew what sort of discount I was getting. I have seen a trend with Amazon though where the item, even new, has the retail price deleted so that if their partner vendors are charging a premium, one doesn't immediately know it. I've curtailed buying from Amazon until I'm convinced they won't be doing this any more. They're only response to the issue was to tell me to return the item to the vendor which is a cost to me-time and money-might as well go to a brick and mortar store if I'm going to go through that inconvenience.",0,好评(0),1,差评(1),0.9788296818733215,0.9788296818733215,0,好评(0),1.0,VADER: 整体正向评分占优,stub,vader-heuristic,,False,True,False
all_wrong,320,"Take it from me-- it's realistic: Even though I (fortunately) neither suffer from depression as severe as Esther's nor have to deal with the oppressiveness of the 1950s, I found her thought patterns very familiar as I have just started therapy for my depression. Many complain about how her thoughts seem disjointed, but her writing style seemed to follow my own thought patterns, something that fuels the frustration of the disease even more. The book made me feel very fortunate to live in the 1990s, when sympathetic psychologists don't dismiss irrational feelings, and pills keep me from having to endure shock treatments or other such practices.",0,好评(0),1,差评(1),0.9344964027404785,0.9344964027404785,0,好评(0),1.0,VADER: 整体正向评分占优,stub,vader-heuristic,,False,True,False
all_wrong,328,"Who hired the illustrator?: The book itself is amazing just like King's previous installments to this series. One thing, however, depreciates the value of this book and that's the illustrations. The man who drew the pictures for this book is untalented to say the least. Almost none of the illustrations even come close to verifying the text on the page. Those with any sort of imagination would find it insulting to find such pictures used as a representation of the plot. Dear Stephen, pay more attention when choosing who will depict your stories next time. The woman on the cover of the book jacket is a black woman with ""tight curls"" in the story, yet in the pictures she looks more like a Native American. Go back to comic books Wrightson.",0,好评(0),1,差评(1),0.9090767502784729,0.9090767502784729,0,好评(0),1.0,VADER: 整体正向评分占优,stub,vader-heuristic,,False,True,False
high_conf_wrong,3592,"Software not included: This product works well. The latency is horrible unless you use ASIO driver or download latest driver from the website.The so called included software bundle was non-existent. The CD was missing from the product packaging.,Amazon replaced it with another unit, and CD was still missing. I called up Behringer and after being given the run around with their all US support, I was told I had to download a huge list of software/samples from their website. I requested that they send a CD out to me. I was told to either return it to Amazon or download. I insisted on talking to a supervisor, and was told I will be called back. It has been 3 weeks since, and am yet to receive a call. So much for customer service.Amazon decided to pull the product from its website verify its content and now I see it back online, touting the CD. Don't understand how a batch of products can go without CD and how the manufacturer can simply get away without shipping one!",0,好评(0),1,差评(1),0.9920087456703186,0.9920087456703186,1,差评(1),0.7714,VADER: 整体负向评分占优,stub,vader-heuristic,,True,False,True
high_conf_wrong,53,"typos galore!: I do not intend to review content here. This new edition is so full of typographical errors that sometimes the reader will have to intuit what the author really wrote. It is clear that the proofreaders of this edition were not actually reading; they were simply following the little red lines under the ""misspelled"" words. This has resulted in some truly bizarre apparent statements by the author, unreproducible here due to copyright laws. Disclaimer-- I have not purchased this book, merely checked it out of the library.",0,好评(0),1,差评(1),0.9919576048851013,0.9919576048851013,0,好评(0),0.7714,VADER: 整体正向评分占优,stub,vader-heuristic,,False,True,False
high_conf_wrong,1220,"Downton Abbey ""Original UK Unedited Edition"": I wanted to return this to Amazon but I watched it after the 30 day return policy. I would not be credited original shipping fees or return fees, so I donated it to a thrift. This is marketed as an ""Unedited Edition"" but it is missing scenes and there is at least one section where it jerks and skips. I read others have noticed this as well. Needless to say, I am disappointed. Anyone know where to get an actual original version?",0,好评(0),1,差评(1),0.991806149482727,0.991806149482727,1,差评(1),1.0,VADER: 整体负向评分占优,stub,vader-heuristic,,True,False,True
high_conf_wrong,3939,"Bumed out: I typed in two (2) versions of a review of Moss's book. I typed one and waited two days. Nothing happened. Then I typed a second, still nothing happened.Could you suggest why my reviews never appeared? I do not believe they were inaccurate or controversial. But until I find out what happened, I will not bother writing any more.",0,好评(0),1,差评(1),0.9916540384292603,0.9916540384292603,0,好评(0),0.7856000000000001,VADER: 整体正向评分占优,stub,vader-heuristic,,False,True,False
high_conf_wrong,3784,"decent mount... horrible screws: The mount come with the worst quality screws. I like to think I'm a very careful individual when screwing in screws. That said, even using the proper screw bit and speed, the cheap screws stripped and I had the same experience as others struggling to pull out the stripped screw out of the wall. That said, the mount even when mounted level will bend slightly due to the monitor if the mount is extended to one side. However, if extended toward you, it will be fine.",0,好评(0),1,差评(1),0.9914961457252502,0.9914961457252502,1,差评(1),1.0,VADER: 整体负向评分占优,stub,vader-heuristic,,True,False,True
high_conf_wrong,7825,"Junk Book: The book is great on ideas of what to do with ""junk"" from everything you may find in your basement to those great deals at flea markets.",0,好评(0),1,差评(1),0.9914915561676025,0.9914915561676025,0,好评(0),1.0,VADER: 整体正向评分占优,stub,vader-heuristic,,False,True,False
high_conf_wrong,4937,"Take My Advice: These days it's too risky to go out and buy a CD. What happens is that out of 13-20 songs, there is only *one* song that is likeable. Such is the case with Mario. ""Let Me Love You"" is the only decent song on his album ""Turning Point"" that isn't even worth buying. I just listened to it and, let me tell you, it's wack. I think it's a shame when you have a good singer come out with such lousy material. Anyway, skip the CD and just buy/download the single.",0,好评(0),1,差评(1),0.9910971522331238,0.9910971522331238,0,好评(0),0.7579,VADER: 整体正向评分占优,stub,vader-heuristic,,False,True,False
high_conf_wrong,6169,"Please correct error below (I am the author): Hi,I am the author of this book. There is a mistake that has remained uncorrected for over 9 months now, and this is quite embarrassing, both for me and for Amazon. In your editorial review you have a quote ""Required reading for all operational managers"", which should be attributed to Dr Alain Micaleff (and NOT Dr Alain Michael). Check the back cover of the book for confirmation.Can you please correct this asap - AND inform me that you have received this message and will be acting on it?Thanks,Michael Gentle (mgentle2@aol.com)",0,好评(0),1,差评(1),0.9910158514976501,0.9910158514976501,0,好评(0),0.5534,VADER: 整体正向评分占优,stub,vader-heuristic,,False,True,False
high_conf_wrong,7711,THIS IS NOT THE NEW EDITION: DON'T BUY THIS ONE. IT DOESN'T SAY WHAT EDITION IT IS AND I ASSUMED IT WAS THE LATEST. IT IS EDITION 4 GO TO THE MICHAEL MEYERSW WEBSITE AND BUY THE FIFTH EDITION. I GOT STUCK WITH THE OLD ONE.,0,好评(0),1,差评(1),0.9904816746711731,0.9904816746711731,1,差评(1),0.75,VADER: 整体负向评分占优,stub,vader-heuristic,,True,False,True
high_conf_wrong,4947,"O Yea....: This cd player is very useful. I have own this cd player for 3 months....it [is] worth the investment. The cd player offers backlight on the top of it and even on its remote control. The cd player has a self recharging capability so you will never have to waste your money on batterys every 2 weeks. I charge my cd play every weekend overnight so i never have to buy battery. The device is metal on the top and plastic on the bottem. The cd player has never fail to work properly. It is less then a inch thick, has 2 bass function, external battery, and can play cd-r cds. The only problem is that i have no use for the carry case,the extra external battery, the head phone really sucks and i sold the remote control not because there was anything wrong with it, I just had no use for it...but maybe some people might like it. The most useful item that comes with the cd player is the cd player of course, the ac adapter for recharging the battery,and the rechargable battery.",0,好评(0),1,差评(1),0.9904399514198303,0.9904399514198303,0,好评(0),1.0,VADER: 整体正向评分占优,stub,vader-heuristic,,False,True,False
high_conf_wrong,816,"Far better than the Chinese junk bulbs: I had a no name yellow bulb, it didn't even last a few months, and the yellow color was a bit disappointing. This one has lasted much longer and the color is better, though still not a deep yellow as I'd have liked, it definitely tints the light yellow, but doesn't reduce light output too much (as the deeper yellow color would do).",0,好评(0),1,差评(1),0.9899799227714539,0.9899799227714539,0,好评(0),0.9497,VADER: 整体正向评分占优,stub,vader-heuristic,,False,True,False
high_conf_wrong,6226,wrong songs: The songs listed for this CD are not correct since the cover/insert is for a particular artist not listed on the CD. The songs on the actual CD are not the same as the songs listed here.,0,好评(0),1,差评(1),0.9899445176124573,0.9899445176124573,1,差评(1),0.9767,VADER: 整体负向评分占优,stub,vader-heuristic,,True,False,True
high_conf_wrong,2447,"4 and a half stars: I think 4 and half would be accurate.What you need to know is that all the companies put out their own comparisons - it is annoying. Multipure claims that Aquasana does not filter out a bunch of stuff - that seems to be reported incorrectly. I give minor props to Aquasana for not attacking the competitor.The real skinny is that Aquasana had problemw with their casing and the faucet leaking over time. Both seem to be resolved. Over time (I have used AQ for about 5 years) whenever I had a problem I called support and they sent me a replacement immediately at no charge with no hassle. Even when they changed the faucet type for the undersink style, they sent me all the new stuff no charge. As much as a hassle as it was to replace the stuff it wss done immediately no questions.PS the water tastes great.",0,好评(0),1,差评(1),0.989656925201416,0.989656925201416,1,差评(1),0.8004,VADER: 整体负向评分占优,stub,vader-heuristic,,True,False,True
high_conf_wrong,6177,"great shoes, bad vendor: If The Shoe Fits vendor sent me a different color than I ordered. I called them and left a message to ask about exchanging and they never returned my call.",0,好评(0),1,差评(1),0.9895626306533813,0.9895626306533813,0,好评(0),0.6531,VADER: 整体正向评分占优,stub,vader-heuristic,,False,True,False
high_conf_wrong,4471,"Where is Flagpole Sitta?: I wanted to know what was on this cd, and now that I know, I am upset. Harvey Danger is all over the movie -- in the previews, and in the movie itself. Why wasn't it put on the CD? In my opinion, however, the other songs on this CD are good. That is why it deserves 4 stars.",0,好评(0),1,差评(1),0.9894881248474121,0.9894881248474121,1,差评(1),1.0,VADER: 整体负向评分占优,stub,vader-heuristic,,True,False,True
high_conf_wrong,6600,Singstar microphones not compatible: The game microphone requirements are not clearly specified. Microphones supported include Karaoke Revolution and Logitech USB.We had Singstar microphones which are not compatible.,0,好评(0),1,差评(1),0.9894315004348755,0.9894315004348755,0,好评(0),0.5108,VADER: 中性，按符号兜底,stub,vader-heuristic,,False,True,False
high_conf_wrong,1775,"ERKKO REVIEW IRKS ME: To our FINnish snob from around the world who wrote a nasty opiinion of PARENTI. Nowhere do you support any of your knee jerk assumptions on Rome or Caesar. Perhaps your wife berated you in front of the neighbors or your merely a seething, ornery nabob that tosses a coin and picks a review to ream. Perhaps you should try a review of SIBELIUS, a kinsman, no?",0,好评(0),1,差评(1),0.9893859028816223,0.9893859028816223,1,差评(1),1.0,VADER: 整体负向评分占优,stub,vader-heuristic,,True,False,True
high_conf_wrong,1977,"First one didn't work: After I was sent a replacement, as the first one failed, the lantern has been realiable and holds a charge for a long time!",0,好评(0),1,差评(1),0.9893824458122253,0.9893824458122253,1,差评(1),1.0,VADER: 整体负向评分占优,stub,vader-heuristic,,True,False,True
high_conf_wrong,3472,"Four Stars Is About Right: Four stars is enough for this title. Actually, four stars is pretty generous. It is not terrible, just a little dated. Look elsewhere for cutting edge Trance/Club music.",0,好评(0),1,差评(1),0.9893525838851929,0.9893525838851929,0,好评(0),1.0,VADER: 整体正向评分占优,stub,vader-heuristic,,False,True,False
high_conf_wrong,6998,"Izone 310: I recently got an Izone 310 for Christmas. At first, the pictures came out dark. If I turned on the flash, it came out white. But today, I called technical support because the e-mail support wasn't working. They said the flash has a range of 6-9 feet, and any closer than that would be washed out. If you want the picture to be closer, use the zoom.",0,好评(0),1,差评(1),0.98918217420578,0.98918217420578,0,好评(0),1.0,VADER: 整体正向评分占优,stub,vader-heuristic,,False,True,False
